index,data_type,voltage mean,voltage std,voltage kurtosis,voltage skewness,CC Q,CC charge time,voltage slope,voltage entropy,current mean,current std,current kurtosis,current skewness,CV Q,CV charge time,current slope,current entropy,capacity
0,train,4.095347,0.057088424,-1.2079794,0.09798458,0.5863187,1207.026,0.00017048542,3.5170503,0.31584892,0.0936813,-1.1301767,0.29097286,0.11179203,1279.9281,-0.00033035513,4.602556,3.184228211168753
1,train,4.0969615,0.058432695,-1.208324,0.09654469,0.59931296,1233.7781,0.00017027928,3.5400083,0.31481752,0.09407576,-1.1275741,0.294917,0.11195775,1283.03,-0.00033108192,4.6070995,3.1824267212329103
2,train,4.096982,0.05858418,-1.2104237,0.096999,0.5996576,1234.562,0.00017044561,3.5406044,0.31526694,0.093747675,-1.1296517,0.29359826,0.11157958,1279.8281,-0.00033114085,4.601877,3.1799218590482594
3,train,4.0960727,0.058531623,-1.2085247,0.09737075,0.5990257,1233.2682,0.00017030256,3.5412812,0.31574544,0.093841106,-1.1302674,0.29359972,0.11165526,1277.9302,-0.00033143707,4.601258,3.176949737686768
4,train,4.099501,0.059911072,-1.2259482,0.085706905,0.6002971,1235.8821,0.00016856295,3.5644498,0.31493038,0.09428557,-1.1310407,0.2934736,0.11201763,1283.4281,-0.00033030208,4.607305,3.1741926870753336
5,train,4.096993,0.058605272,-1.2102275,0.09651496,0.5984785,1232.1361,0.0001688421,3.5408816,0.31537965,0.093874335,-1.1280454,0.2955603,0.11151488,1277.7322,-0.00033237634,4.601256,3.171047195503744
6,train,4.095589,0.057341803,-1.2112188,0.097446084,0.58376294,1201.8441,0.00017546266,3.5163665,0.31564802,0.09399051,-1.1275165,0.29686782,0.111579746,1277.1282,-0.0003325626,4.6007147,3.16834563198988
7,train,4.098077,0.058661655,-1.2138071,0.09527013,0.5959095,1226.8561,0.00017112716,3.5395906,0.3155337,0.09404796,-1.1276121,0.29717487,0.11123732,1271.0242,-0.00033313423,4.6000295,3.165574239731311
8,train,4.0952864,0.05721688,-1.2091562,0.09726978,0.58333594,1200.9882,0.00017464126,3.5166368,0.31504136,0.09386026,-1.1261842,0.2977815,0.111073494,1271.2322,-0.00033311348,4.5994105,3.162452467054985
9,train,4.095763,0.057264898,-1.2100929,0.09706249,0.58258283,1199.4501,0.00017498655,3.5164657,0.31585586,0.09408431,-1.1262784,0.29809415,0.11169223,1277.9302,-0.0003335003,4.6006827,3.159817346016167
10,train,4.0971746,0.057491075,-1.2117188,0.09756556,0.5834466,1201.2122,0.00017349857,3.5157628,0.3147912,0.094510965,-1.1237555,0.30025977,0.111802764,1280.0261,-0.00033372815,4.614219,3.157151698781465
11,train,4.0969067,0.057392433,-1.2114271,0.09565054,0.5819616,1198.1621,0.00017407292,3.5167868,0.3147909,0.09442322,-1.1237416,0.30069292,0.11190176,1282.1301,-0.00033374655,4.6070824,3.154136510725503
12,train,4.099344,0.05875377,-1.2209721,0.08855743,0.5903823,1215.4901,0.00017248886,3.5399776,0.31621048,0.0938966,-1.1245184,0.29584366,0.11185877,1278.7281,-0.00033357143,4.602391,3.151196774216443
13,train,4.0983863,0.0601081,-1.2257322,0.0874889,0.60114026,1237.6621,0.00017212567,3.5638535,0.3158825,0.093986675,-1.1259117,0.29673398,0.1117716,1279.3322,-0.00033347207,4.6015844,3.148654301379392
14,train,4.0956807,0.058677565,-1.2101458,0.09640671,0.5959242,1226.9961,0.00017481645,3.5403438,0.3162369,0.0941179,-1.1261722,0.29684952,0.111763306,1276.6282,-0.00033357,4.600844,3.1457556027185105
15,train,4.097142,0.058818344,-1.2136954,0.095096774,0.5963339,1227.7842,0.00017165544,3.540203,0.31496933,0.09463511,-1.1234409,0.3016713,0.111953355,1281.9242,-0.00033457123,4.605154,3.1436634173265228
16,train,4.099724,0.060060676,-1.2296654,0.08389663,0.59568715,1226.4121,0.00017161515,3.5636888,0.3151203,0.094476946,-1.1252978,0.29984754,0.11203317,1282.4302,-0.0003334705,4.605773,3.140467145438778
17,train,4.095974,0.05741186,-1.210923,0.09539428,0.5812809,1196.7621,0.00017657869,3.5173385,0.3141841,0.09341957,-1.124381,0.3001101,0.11099761,1275.8281,-0.00033232765,4.5995884,3.138080742331404
18,train,4.0952477,0.058701515,-1.2098113,0.09591106,0.5953751,1225.7141,0.00017613119,3.540547,0.31408235,0.093432724,-1.1250256,0.29826587,0.110838376,1273.3262,-0.00033290093,4.5992236,3.135401938523896
19,train,4.097094,0.05738846,-1.2099086,0.09349291,0.58014727,1194.5101,0.00017524691,3.5170271,0.3152279,0.09445999,-1.1250209,0.29927236,0.11218075,1284.6321,-0.00033319998,4.6072855,3.133201308051353
20,train,4.095517,0.058730036,-1.2093185,0.09648608,0.59549373,1226.1342,0.0001760156,3.5398111,0.3137586,0.093589425,-1.1246165,0.29986587,0.11060062,1270.8262,-0.00033383688,4.5999203,3.1307684891286907
21,train,4.098833,0.060174968,-1.2276144,0.08712711,0.59787935,1231.0361,0.00017295299,3.5633717,0.31411165,0.09355032,-1.125726,0.29817507,0.11074077,1271.1282,-0.00033218772,4.59957,3.127942259317491
22,train,4.0951176,0.05732938,-1.2100418,0.095262595,0.580097,1194.3281,0.00017806314,3.5172136,0.31516963,0.09346902,-1.1251751,0.2989545,0.111456215,1278.0321,-0.0003320793,4.6012917,3.125609051459823
23,train,4.097643,0.05887394,-1.2144135,0.09268958,0.5939411,1222.7222,0.00017504141,3.5403492,0.31480822,0.09352131,-1.1254168,0.2982261,0.11135698,1278.6241,-0.000331971,4.601294,3.123297067299939
24,train,4.0978293,0.060187146,-1.2223693,0.088054545,0.60059714,1236.5461,0.00017408383,3.5637188,0.31415823,0.09403259,-1.1241069,0.30060288,0.11176568,1283.9421,-0.00033247532,4.606548,3.1212231981542966
25,train,4.0974417,0.057557184,-1.2132958,0.094024375,0.5804615,1195.0941,0.00017698779,3.5168822,0.3152746,0.0936965,-1.1253804,0.2986218,0.11142357,1276.6361,-0.00033283298,4.600398,3.1190682102623164
26,train,4.0974402,0.05759407,-1.2130895,0.094513,0.5804132,1195.0342,0.00017680308,3.5168285,0.31435633,0.0940001,-1.1246283,0.3005749,0.11168831,1280.9421,-0.00033175456,4.604712,3.116636933373348
27,train,4.0968795,0.058854505,-1.2112796,0.09552656,0.59427226,1223.5402,0.00017642605,3.5403607,0.3148311,0.09392857,-1.1234726,0.29969773,0.11185821,1280.9362,-0.0003324917,4.6069593,3.11435013058526
28,train,4.0989304,0.06013484,-1.2247105,0.08416686,0.59666026,1228.2241,0.00017414198,3.5652237,0.31587824,0.094271146,-1.1254184,0.3001283,0.11171899,1278.3362,-0.00033499557,4.6006103,3.112680902274711
29,train,4.0970926,0.058784354,-1.2102202,0.09279834,0.593445,1221.6581,0.0001768301,3.5417228,0.31455263,0.094077915,-1.1232098,0.301729,0.11185672,1282.9441,-0.00033299628,4.6059985,3.1105206077701832
30,train,4.096401,0.05883287,-1.2101805,0.094224215,0.59396267,1222.6501,0.00017677256,3.5417166,0.3145364,0.094106145,-1.1229912,0.30267838,0.11204711,1286.9341,-0.00033304235,4.6073575,3.108626926904432
31,train,4.0950193,0.057404336,-1.210434,0.09445705,0.57952815,1192.9441,0.00017894278,3.5165572,0.31472299,0.09403156,-1.123587,0.3007393,0.111962564,1283.8441,-0.00033262192,4.6073213,3.106114051283635
32,train,4.098514,0.058919974,-1.2185388,0.08946309,0.5902405,1215.0121,0.00017614728,3.5406737,0.31494874,0.094194934,-1.1248062,0.3013434,0.112135686,1285.7341,-0.00033243987,4.6071672,3.1044604364651147
33,train,4.0995736,0.05893542,-1.2228885,0.08698106,0.5868639,1208.0541,0.0001760945,3.5404122,0.31535268,0.094100066,-1.1234695,0.30023608,0.1122658,1285.4362,-0.00033236598,4.6074896,3.102003541475829
34,train,4.0971746,0.057427604,-1.2090536,0.092296615,0.57851976,1190.8801,0.00017764496,3.5172188,0.31490797,0.09442981,-1.122392,0.3040863,0.11288624,1293.5421,-0.00033142325,4.6139665,3.10023071692464
35,train,4.095065,0.057505757,-1.2119825,0.094414294,0.5797294,1193.2561,0.00017922588,3.5170474,0.31565276,0.09406274,-1.1248629,0.30021945,0.11241771,1286.3381,-0.00033207732,4.6077294,3.097890849793838
36,train,4.097469,0.05897824,-1.2159814,0.09098642,0.59256357,1219.7422,0.00017679935,3.5407882,0.31373397,0.09358657,-1.1229162,0.30204555,0.111483164,1281.2422,-0.00033104763,4.6071563,3.0962016501067406
37,train,4.0952654,0.05750098,-1.2115517,0.09380911,0.5795821,1192.8842,0.00017992036,3.5172698,0.31357163,0.093671255,-1.1226028,0.30350155,0.1114978,1282.7361,-0.00033156096,4.605918,3.094676967965629
38,train,4.0964766,0.05883361,-1.2109746,0.09333454,0.5930544,1220.6721,0.00017718601,3.5418723,0.31594414,0.09415322,-1.1242454,0.3001114,0.112699255,1289.9362,-0.00033172875,4.608862,3.092472581380749
39,train,4.099349,0.05893754,-1.2214135,0.086879134,0.5867537,1207.7401,0.00017621828,3.5415418,0.3143274,0.094550356,-1.1263485,0.31095216,0.10913382,1252.5342,-0.00034056063,4.5777597,3.08966054285346
40,train,4.0959153,0.05757642,-1.2136801,0.09275329,0.5789297,1191.6461,0.00017973834,3.5166621,0.31420365,0.0934176,-1.1228572,0.30269966,0.11190628,1286.4302,-0.00033056564,4.607539,3.08733256056261
41,train,4.0973005,0.057647903,-1.2132522,0.09205695,0.57871825,1191.1182,0.00017879864,3.5169122,0.31397814,0.09345248,-1.122646,0.30220488,0.11171232,1284.1321,-0.00033099722,4.6070647,3.085537522208655
42,train,4.0971684,0.05758477,-1.213176,0.09209177,0.5783583,1190.3842,0.00017860622,3.5174,0.31395465,0.09342722,-1.1223269,0.30311093,0.11161479,1282.3362,-0.00033061724,4.6054654,3.083726969031577
43,train,4.100098,0.058948815,-1.2228916,0.083705105,0.5835023,1200.8842,0.00017760713,3.5410101,0.31446776,0.09378196,-1.1224025,0.3035925,0.11183156,1283.0381,-0.0003322569,4.6063323,3.082187071773818
44,train,4.098729,0.060265217,-1.2268322,0.08390519,0.59502596,1224.6581,0.00017605745,3.5638804,0.31449693,0.0935744,-1.1232734,0.30073094,0.11203088,1286.8362,-0.00033090587,4.607488,3.080836193915744
45,train,4.0950923,0.05751253,-1.209068,0.09242248,0.57870364,1191.2961,0.00018054858,3.518239,0.31423637,0.09407024,-1.1233755,0.3023973,0.11253798,1291.3341,-0.0003299297,4.6136746,3.07934609646688
46,train,4.0976243,0.05892381,-1.2145462,0.090931945,0.59195095,1218.7122,0.00017655898,3.5411935,0.31352058,0.09378907,-1.121792,0.30232674,0.112239435,1290.4441,-0.00033013342,4.616812,3.077904479513073
47,train,4.0989027,0.060291152,-1.2260385,0.08170003,0.59449434,1224.0441,0.00017642086,3.5646098,0.31405205,0.09384456,-1.121851,0.3016021,0.11254659,1292.8462,-0.0003303555,4.6146264,3.07625562563192
48,train,4.098299,0.058933526,-1.216286,0.08788905,0.5882974,1211.2062,0.00017813327,3.5411553,0.3153159,0.09338264,-1.1244047,0.2987286,0.11231983,1286.7341,-0.00032968086,4.6086254,3.073814232767469
49,train,4.0948334,0.057601403,-1.2113649,0.09447824,0.5790898,1192.2941,0.00018118448,3.5170405,0.31584385,0.09351706,-1.1283438,0.29465368,0.112599105,1288.5442,-0.00032855346,4.609354,3.072125246334771
50,train,4.0961437,0.057513896,-1.2111517,0.09205309,0.5781142,1190.2301,0.00018018734,3.517079,0.31544393,0.09341013,-1.1256634,0.29792678,0.112430535,1288.0381,-0.000329241,4.608889,3.070653727126468
51,train,4.0988235,0.058992505,-1.2194502,0.08701703,0.58700454,1208.6581,0.00017794124,3.541136,0.3144912,0.0937523,-1.123175,0.3004463,0.11297062,1298.2422,-0.0003298516,4.616324,3.069529801901043
52,train,4.0990043,0.05896521,-1.2194613,0.08433178,0.5862785,1207.1561,0.00017826213,3.5421784,0.314322,0.0938306,-1.1244335,0.30064481,0.11274194,1294.8362,-0.00032897823,4.614733,3.067644424909668
53,train,4.0993857,0.059046075,-1.2221874,0.08360909,0.5851395,1204.8281,0.00017819025,3.5414138,0.3146597,0.09377391,-1.1251975,0.30008155,0.11297212,1297.0361,-0.00032885576,4.6152124,3.065893688310276
54,train,4.097351,0.057663534,-1.213183,0.08946091,0.57752645,1188.8661,0.00018000588,3.5177352,0.3151401,0.093850575,-1.1249746,0.30062786,0.11322892,1298.7361,-0.00032931293,4.615746,3.064142080569661
55,train,4.0961432,0.0589495,-1.2108531,0.09125747,0.59209186,1218.7401,0.0001796794,3.5416117,0.31538892,0.093859695,-1.1251789,0.3002648,0.113343984,1299.2422,-0.00032798524,4.6163554,3.062267285926924
56,train,4.095155,0.05749276,-1.2099124,0.09220194,0.5780332,1189.7961,0.00018112632,3.5181103,0.3150911,0.09404303,-1.1251005,0.30195415,0.113002785,1294.5361,-0.00032992513,4.613559,3.060924393719212
57,train,4.0955796,0.0575742,-1.2111083,0.09077231,0.5779314,1189.5261,0.00018179725,3.5181296,0.3145712,0.09431065,-1.1218592,0.30476317,0.113521144,1301.1321,-0.0003286935,4.6216326,3.059304736797825
58,train,4.0951147,0.057586588,-1.2106563,0.09095244,0.57816243,1190.0481,0.00018217757,3.5185144,0.3153218,0.094455086,-1.1254299,0.30210084,0.1137925,1301.1382,-0.00032778466,4.6198378,3.057894357262099
59,train,4.0988584,0.05900558,-1.220505,0.086782984,0.5866754,1207.4722,0.0001789297,3.540785,0.3150504,0.09419922,-1.1218404,0.30496708,0.11404928,1308.3381,-0.0003284524,4.6221566,3.0564272094455296
60,train,4.097879,0.057667643,-1.2130079,0.09018789,0.57700896,1187.6642,0.00018126662,3.5175822,0.3144816,0.09322206,-1.1258874,0.2976796,0.1128761,1296.3341,-0.00032617128,4.6156836,3.055100226676839
61,train,4.098713,0.059186183,-1.2202324,0.08369399,0.5852158,1204.6082,0.00018001595,3.5413954,0.31459,0.09332274,-1.123116,0.3022123,0.11293853,1296.8322,-0.00032757875,4.614731,3.053744875606283
62,train,4.0959773,0.05885484,-1.2101942,0.090281315,0.5913916,1217.4202,0.00017998337,3.541673,0.31551176,0.094075084,-1.122124,0.30406404,0.114262566,1309.2401,-0.0003280622,4.623352,3.052493488877358
63,train,4.097724,0.057678938,-1.2123218,0.09048503,0.5772737,1188.2721,0.00018087587,3.517512,0.31532905,0.094089195,-1.1226399,0.3036779,0.11420085,1309.3381,-0.00032789516,4.6232195,3.051092116324463
64,train,4.0989375,0.06029089,-1.2255772,0.08098762,0.5933975,1221.5602,0.00017883249,3.5655549,0.31337845,0.09352024,-1.1210271,0.30480507,0.11330231,1305.4402,-0.00032715296,4.621625,3.0499042828704166
65,train,4.098055,0.058992505,-1.2143133,0.088547885,0.58871156,1211.8081,0.00017939252,3.541896,0.31446382,0.0944989,-1.1193997,0.30611774,0.1143117,1310.1322,-0.00032799982,4.639471,3.048378757137584
66,train,4.095978,0.057564843,-1.2111958,0.08930632,0.5767839,1187.3322,0.0001828893,3.5174649,0.3147878,0.09438502,-1.1199982,0.30629322,0.11480803,1317.9462,-0.00032695787,4.6300693,3.047216821880696
67,train,4.0963283,0.05760837,-1.2129015,0.09083672,0.5763177,1186.3181,0.00018265181,3.517229,0.31471968,0.09379261,-1.1208819,0.30526844,0.11380256,1305.7382,-0.00032821103,4.621955,3.045673206093476
68,train,4.100365,0.059115704,-1.226607,0.079221606,0.5813209,1196.6561,0.00018011872,3.5418122,0.31362185,0.09345447,-1.1207336,0.3043555,0.11318969,1301.3522,-0.0003267698,4.6206193,3.044231554748264
69,train,4.0977073,0.05769077,-1.2117273,0.08956685,0.57697374,1187.6761,0.00018094883,3.5179095,0.31400153,0.09351531,-1.1203902,0.30478257,0.113597326,1306.8362,-0.00032719626,4.622424,3.0433929253384058
70,train,4.09641,0.05893417,-1.2094043,0.08956962,0.59081423,1216.1981,0.00018092294,3.5424001,0.313015,0.093653694,-1.1193582,0.3054045,0.11394149,1313.4462,-0.00032581334,4.6283746,3.042056173040772
71,train,4.097402,0.059021253,-1.213718,0.08878626,0.5907711,1216.1122,0.00017966803,3.541948,0.31427172,0.09339346,-1.1227139,0.30304894,0.11353337,1303.5361,-0.00032603793,4.6217117,3.04043854062066
72,train,4.0960546,0.058849994,-1.2073511,0.09183704,0.59186745,1218.3262,0.00018118572,3.541751,0.31437507,0.0939349,-1.1190982,0.3054495,0.114505194,1314.8281,-0.0003260043,4.629042,3.03930291401408
73,train,4.0989704,0.059034485,-1.2201241,0.08356129,0.5855449,1205.3582,0.00017878468,3.5423982,0.31350657,0.093713626,-1.1230283,0.30347738,0.11415083,1314.0442,-0.00032499927,4.628745,3.038320050362685
74,train,4.0985518,0.059012517,-1.2169415,0.08642432,0.58700424,1208.3281,0.00017991758,3.5421376,0.31457746,0.09453105,-1.1201779,0.3068944,0.11531909,1322.1482,-0.00032580513,4.6358256,3.0368195136768943
75,train,4.0996413,0.059150048,-1.2243792,0.08156753,0.5835469,1201.2201,0.00017978738,3.54173,0.31371978,0.093506135,-1.1190238,0.30505684,0.114420824,1317.9481,-0.0003257313,4.630402,3.035795971072594
76,train,4.099644,0.059047323,-1.2224452,0.081422634,0.58349437,1201.0881,0.00017965974,3.5424035,0.31492165,0.09443203,-1.1204476,0.30634004,0.11562801,1325.8462,-0.00032549075,4.6366663,3.034447691528184
77,train,4.098259,0.05787103,-1.213975,0.0893419,0.5772999,1188.3641,0.00018215994,3.517381,0.31474575,0.09434546,-1.1194755,0.30809197,0.11559237,1326.4421,-0.00032592998,4.6369123,3.033043600277372
78,train,4.094752,0.057644006,-1.2108773,0.09060695,0.57766205,1189.1141,0.00018264311,3.518583,0.31416324,0.09339056,-1.1217445,0.30423924,0.11462799,1318.8381,-0.00032429548,4.630663,3.031611355651177
79,train,4.0952644,0.05759835,-1.209347,0.090423636,0.5771695,1188.0981,0.0001830834,3.5182533,0.31457338,0.093412526,-1.1218026,0.30473006,0.1147837,1318.9462,-0.00032336806,4.630462,3.030223921461319
80,train,4.0977387,0.059042785,-1.2137523,0.08622683,0.58889586,1212.2122,0.00018026319,3.5418537,0.31495634,0.093563065,-1.1225393,0.3024791,0.114923455,1318.9442,-0.00032352924,4.630784,3.029137855668263
81,train,4.100096,0.05914379,-1.225024,0.08112964,0.5817432,1197.4922,0.00017966556,3.5412374,0.31408316,0.093737535,-1.119829,0.30531907,0.11535132,1326.4442,-0.0003231417,4.6377196,3.028167172478568
82,train,4.0981126,0.059132986,-1.2167394,0.08529289,0.58798975,1210.3341,0.00018063516,3.5420473,0.31410718,0.09384472,-1.120602,0.3062356,0.11542384,1327.7441,-0.00032282987,4.637052,3.0270742082458493
83,train,4.0978785,0.05783355,-1.2140067,0.08725298,0.5767488,1187.1941,0.00018247744,3.5182989,0.31350893,0.09408781,-1.1190857,0.3075058,0.11571611,1330.4502,-0.00032194643,4.644753,3.025797762232256
84,train,4.1004086,0.059230253,-1.2272848,0.079279415,0.5806505,1195.2281,0.00018104976,3.5418856,0.3135353,0.09417544,-1.1193621,0.30877775,0.115753375,1331.0421,-0.00032303564,4.6435375,3.024893027488607
85,train,4.096472,0.059024543,-1.210632,0.08748844,0.59046376,1215.4121,0.0001813143,3.5424645,0.3138766,0.09400447,-1.1195514,0.30673772,0.115978226,1333.0442,-0.00032232684,4.642017,3.023502725992432
86,train,4.0993834,0.06027351,-1.2246505,0.07673154,0.5905676,1215.6521,0.00018043716,3.5658102,0.31397715,0.09417202,-1.118364,0.3073155,0.11587843,1330.2422,-0.00032306893,4.6446147,3.0223716758474404
87,train,4.09805,0.059072886,-1.2145689,0.08444347,0.5875984,1209.5282,0.00018097735,3.5429628,0.31530556,0.09364345,-1.1204916,0.30370885,0.11589197,1328.2462,-0.00032216133,4.638348,3.020822849984811
88,train,4.0945334,0.057596155,-1.2084467,0.08956773,0.5770449,1187.8241,0.00018332727,3.5189643,0.31434384,0.09416613,-1.1183987,0.30681404,0.11604325,1330.8362,-0.00032289565,4.644871,3.0200431870705846
89,train,4.0971375,0.05769579,-1.2105731,0.0863871,0.57555693,1184.7262,0.00018303755,3.51835,0.31348598,0.0943079,-1.1171324,0.30900624,0.11659496,1340.8441,-0.0003214791,4.6487713,3.0190469254178884
90,train,4.098069,0.05906427,-1.2157937,0.08495347,0.58757484,1209.5001,0.00018058757,3.5419326,0.3144474,0.09399267,-1.1196319,0.30640337,0.11639198,1337.1382,-0.00032167445,4.644933,3.01805573646118
91,train,4.0978007,0.05772303,-1.211737,0.08591648,0.57580894,1185.2561,0.00018245101,3.5184958,0.31450287,0.09388166,-1.1180271,0.30687556,0.11645268,1337.9462,-0.00032178866,4.644995,3.0167582644725206
92,train,4.0976343,0.057848413,-1.212312,0.08762218,0.5769063,1187.5402,0.00018269614,3.5178704,0.31523895,0.09400979,-1.1206077,0.30458778,0.11681047,1339.6482,-0.0003210152,4.645981,3.015839791834039
93,train,4.0965495,0.059012298,-1.2095573,0.08819762,0.5903125,1215.1282,0.00018174903,3.542797,0.31407648,0.09413489,-1.1191103,0.30725178,0.116913855,1342.8322,-0.0003204135,4.6500635,3.0146973528283696
94,train,4.096398,0.05906496,-1.2098473,0.08826651,0.5905101,1215.5901,0.00018221476,3.5425858,0.3139859,0.0942259,-1.1220806,0.30555916,0.116866075,1342.5321,-0.00031964248,4.6503835,3.013853560214843
95,train,4.096439,0.059001435,-1.2095973,0.08828592,0.5903731,1215.2742,0.00018201573,3.542276,0.31416175,0.09402901,-1.1199359,0.30710605,0.11714359,1346.8362,-0.00031951087,4.6520467,3.012743264273819
96,train,4.098781,0.060337473,-1.2249293,0.07857128,0.5931838,1220.9781,0.00018007033,3.5658076,0.31489202,0.09413909,-1.1201448,0.30514532,0.1173522,1345.5321,-0.00031919338,4.651552,3.011504205712078
97,train,4.0954847,0.057686623,-1.2103962,0.087468974,0.5765324,1186.7661,0.00018383679,3.5189285,0.31485057,0.09400115,-1.1201777,0.30602255,0.117450796,1347.8362,-0.00031943872,4.65233,3.0102714845791287
98,train,4.0954766,0.057659116,-1.2084689,0.08818903,0.57644457,1186.5521,0.00018450292,3.5189292,0.3151987,0.0941965,-1.1208174,0.30616897,0.11757021,1347.6342,-0.00031912175,4.6524305,3.0098680113332787
99,train,4.0963173,0.0589978,-1.2093083,0.08677195,0.58975416,1213.9521,0.00018276898,3.5430262,0.31520846,0.093482554,-1.1220031,0.304317,0.11670196,1337.6342,-0.00031921174,4.6445255,3.008402176634796
100,train,4.096301,0.057807706,-1.2114205,0.08903016,0.5769337,1187.6022,0.0001836725,3.5181246,0.3144409,0.094004065,-1.1195347,0.30704144,0.117203884,1345.9381,-0.0003196351,4.652004,3.007502694203155
101,train,4.0977097,0.05920108,-1.2160323,0.084930226,0.58853513,1211.4142,0.00018206629,3.542389,0.31438708,0.093782954,-1.1195124,0.30704254,0.11696197,1341.4362,-0.00031909603,4.650416,3.006099392432455
102,train,4.096566,0.05912682,-1.2107081,0.08785283,0.59055376,1215.6442,0.00018163874,3.542745,0.3144208,0.09392673,-1.1194851,0.3071724,0.117087655,1343.7362,-0.00031956562,4.650801,3.00507055039361
103,train,4.0982265,0.057912678,-1.214684,0.08680132,0.5763605,1186.3541,0.00018287449,3.5172615,0.31439266,0.093682624,-1.1205009,0.3060716,0.117344216,1349.1301,-0.0003187222,4.6526394,3.004156370244679
104,train,4.098175,0.05783568,-1.2116443,0.08631513,0.5757563,1185.2361,0.000182613,3.5186913,0.3136573,0.09430275,-1.1183654,0.30920392,0.11749834,1350.1382,-0.00031928133,4.6615233,3.003225837230634
105,train,4.0945563,0.05762502,-1.2084935,0.08810435,0.5761043,1185.8281,0.0001842052,3.5191228,0.31406945,0.094223395,-1.1195184,0.30758074,0.11782251,1353.6342,-0.00031779142,4.657106,3.002091267777913
106,train,4.0967536,0.059048224,-1.2089223,0.08770081,0.5896624,1213.8682,0.00018273579,3.5426495,0.3144777,0.09420117,-1.1198666,0.3073147,0.11785834,1351.2382,-0.0003176941,4.6570582,3.0010074854187
107,train,4.0962496,0.05772485,-1.2125895,0.08697336,0.57578456,1185.1561,0.00018440992,3.5187278,0.31416062,0.094064064,-1.1192836,0.30824956,0.11805416,1357.6282,-0.00031799916,4.658811,3.0001440337619347
108,train,4.0986295,0.059162866,-1.218255,0.08165912,0.5850973,1204.4541,0.00018217556,3.5428445,0.3145428,0.094208,-1.1198405,0.30760425,0.11801064,1353.8341,-0.00031750495,4.6572404,2.998930450552169
109,train,4.0978055,0.057931792,-1.2127665,0.08659761,0.57633984,1186.2782,0.00018381237,3.5189092,0.31463692,0.094014935,-1.1194189,0.3068255,0.1180768,1354.4302,-0.00031651635,4.6588306,2.997817117892253
110,train,4.0963545,0.057789814,-1.2109915,0.08682608,0.5762103,1186.1261,0.00018447272,3.5186362,0.31489208,0.09411735,-1.1204062,0.3068097,0.11842884,1359.6342,-0.00031680823,4.6595864,2.997020096703152
111,train,4.0984287,0.057843436,-1.2133343,0.085026905,0.5750437,1183.6041,0.00018304265,3.518034,0.31497264,0.09397456,-1.1206902,0.30631816,0.11846996,1359.8322,-0.00031643576,4.6601706,2.9957858139926508
112,train,4.0984025,0.059176665,-1.2159257,0.08206275,0.58573955,1205.6921,0.00018144406,3.5433786,0.31402162,0.09439387,-1.1183894,0.3104572,0.11853861,1360.8381,-0.00031638998,4.663968,2.994936989610324
113,train,4.094648,0.057799924,-1.2094011,0.08905683,0.5771437,1187.9641,0.00018479634,3.5181415,0.31421858,0.09430284,-1.1184521,0.3096272,0.118672244,1362.0321,-0.0003161846,4.6644716,2.993755939554849
114,train,4.0977135,0.05917996,-1.2144794,0.08248605,0.58735085,1208.9961,0.00018252745,3.5436928,0.31435806,0.09440546,-1.1182991,0.30959025,0.11883774,1364.3322,-0.00031669158,4.6647434,2.99302925288954
115,train,4.0988703,0.059199404,-1.219402,0.07994271,0.58423275,1202.5962,0.00018256405,3.5428567,0.3150767,0.09377799,-1.1190069,0.30734867,0.11841117,1357.8341,-0.0003164851,4.659982,2.9914572136622453
116,train,4.097813,0.05793319,-1.2130936,0.084595025,0.57567734,1184.9861,0.00018418502,3.5187938,0.3143259,0.09442374,-1.1192317,0.31013888,0.11868272,1361.4342,-0.00031646428,4.6634955,2.9906836727598742
117,train,4.1002426,0.059335183,-1.2269915,0.07560309,0.5799024,1193.7222,0.00018233102,3.542978,0.31494504,0.09422992,-1.1188723,0.30803987,0.119071096,1364.5342,-0.0003162519,4.6653957,2.989537222565918
118,train,4.099096,0.060567245,-1.2276059,0.07456742,0.59135157,1217.2461,0.00018107424,3.567091,0.31506413,0.09416259,-1.1194109,0.30771104,0.11927471,1367.7301,-0.00031557106,4.6666503,2.9887648184482143
119,train,4.099016,0.060477525,-1.2257684,0.074456565,0.59079516,1216.0922,0.00018253284,3.566807,0.31503105,0.0941016,-1.1189572,0.30814195,0.11926213,1367.7301,-0.00031547813,4.66699,2.987572373769936
120,train,4.0945325,0.05781437,-1.2114791,0.085950434,0.5770313,1187.7322,0.00018571361,3.5191603,0.31300575,0.093639895,-1.1185056,0.30992773,0.11816127,1360.9342,-0.00031492076,4.6652913,2.986889159064129
121,train,4.0969186,0.059094798,-1.2075368,0.085053764,0.58916134,1212.7102,0.00018343404,3.5440042,0.31418866,0.09438136,-1.1175538,0.31110924,0.11964588,1374.3322,-0.00031510124,4.6723413,2.985972876684028
122,train,4.0958505,0.05780405,-1.2102103,0.08611052,0.5761485,1185.9801,0.00018526604,3.5189087,0.31311882,0.093502514,-1.1171665,0.31044412,0.11850842,1367.1361,-0.0003151329,4.6658845,2.984998810420869
123,train,4.099953,0.059162136,-1.2224075,0.075139314,0.5802513,1194.3401,0.00018247026,3.5430167,0.3144878,0.09431713,-1.1175988,0.310553,0.119972035,1378.6361,-0.0003151188,4.673367,2.9839157324819614
124,train,4.0984373,0.057883266,-1.2121195,0.08377383,0.57509077,1183.8241,0.00018322967,3.5191424,0.31341213,0.09340789,-1.1181204,0.30995193,0.11867487,1368.2422,-0.0003146972,4.6662865,2.982913830475665
125,train,4.096157,0.057837903,-1.2109661,0.08484941,0.5757098,1185.0221,0.00018590335,3.5186756,0.31362307,0.0945673,-1.115468,0.31341183,0.12010116,1380.2382,-0.00031439553,4.681513,2.9818468064633508
126,train,4.096004,0.05776308,-1.2081302,0.08412503,0.5754443,1184.5461,0.00018506443,3.5194829,0.31461692,0.09417901,-1.1164602,0.3112794,0.11996347,1377.4442,-0.00031455647,4.6733923,2.9808709787495924
127,train,4.0988383,0.059290495,-1.2191517,0.07876634,0.5843928,1202.9221,0.00018332296,3.5432854,0.31462115,0.09403754,-1.1169322,0.31059864,0.120014794,1378.4402,-0.00031426176,4.673668,2.979758407971056
128,train,4.098485,0.05793225,-1.2121751,0.08339676,0.5757117,1185.0862,0.00018305086,3.5191286,0.31346637,0.09328054,-1.1169281,0.310862,0.118666016,1367.6342,-0.00031403961,4.6663003,2.97880148739746
129,train,4.0985675,0.057975475,-1.2110761,0.08344076,0.5754437,1184.5042,0.00018370732,3.5189235,0.31311208,0.09355164,-1.1172945,0.31015286,0.11941023,1377.8422,-0.00031283643,4.673208,2.978014422814669
130,train,4.0980735,0.05784589,-1.2086945,0.08371281,0.5753438,1184.2701,0.00018394274,3.5197437,0.31433567,0.09434268,-1.1157328,0.31277373,0.12058947,1384.6333,-0.00031362937,4.679084,2.9768377588735646
131,train,4.0983624,0.05936468,-1.2193481,0.08088173,0.58609813,1206.447,0.00018245149,3.5427613,0.31449726,0.094361976,-1.115791,0.31277546,0.12070168,1385.647,-0.00031321758,4.6790247,2.975736840149605
132,train,4.097685,0.059147492,-1.2110691,0.08028195,0.5873741,1209.0171,0.00018336793,3.543953,0.31234202,0.093720466,-1.1139984,0.3144434,0.11961329,1380.3369,-0.0003130509,4.6771474,2.9750513683504227
133,train,4.096229,0.057796966,-1.2090441,0.08316303,0.5755568,1184.805,0.00018461279,3.5199497,0.3147812,0.09420791,-1.1169903,0.31138533,0.12083162,1386.049,-0.00031259592,4.6795216,2.973702066093888
134,train,4.095704,0.057739984,-1.2073368,0.08426389,0.575847,1185.2911,0.00018523524,3.5199986,0.3137817,0.09449839,-1.1147391,0.31447563,0.12107072,1391.0349,-0.00031240506,4.6859713,2.9728867433214017
135,train,4.099331,0.059308752,-1.2228422,0.075998284,0.58282596,1199.7451,0.00018270031,3.5431197,0.31382793,0.094243675,-1.112764,0.31624964,0.12033003,1383.3489,-0.00031447003,4.6781006,2.9718455823782017
136,train,4.0975275,0.059250347,-1.2128199,0.0811645,0.58845836,1211.255,0.00018298192,3.5431244,0.3142174,0.09439817,-1.1154741,0.31321147,0.12139705,1394.2349,-0.00031062288,4.68582,2.970813193792318
137,predict,4.0974674,0.057964075,-1.2094687,0.08028435,0.5877602,1220.2023,0.00018013178,3.525866,0.31430173,0.094368115,-1.1189489,0.30431592,0.11236411,1289.2599,-0.0003305434,4.6100984,2.970078559662545
138,predict,4.097496,0.058329266,-1.21115,0.08095841,0.58727646,1224.3453,0.0001796695,3.5297184,0.31452286,0.094427906,-1.1194692,0.30434927,0.11238741,1292.549,-0.00033086116,4.6112227,2.9690845583546257
139,predict,4.097357,0.058423147,-1.2111635,0.08137846,0.58746797,1226.1288,0.000179732,3.5302074,0.31452325,0.094454505,-1.1202618,0.30387086,0.11242499,1290.6353,-0.0003307951,4.611094,2.968143873990884
140,predict,4.097428,0.058365222,-1.2115587,0.08155833,0.58746797,1227.6687,0.00017978302,3.5294292,0.31452554,0.09446972,-1.1227585,0.3028446,0.112503976,1291.8634,-0.0003307351,4.6122265,2.966908805655788
141,predict,4.0974436,0.058459587,-1.2115023,0.08177332,0.5870939,1228.3032,0.00017985117,3.5291193,0.31455487,0.09447548,-1.123097,0.30268744,0.112470776,1291.7291,-0.0003301895,4.612343,2.965918521956245
142,predict,4.0975833,0.05853285,-1.21113,0.08191843,0.58672994,1227.5747,0.00017984018,3.5290506,0.31456414,0.094476864,-1.1235317,0.3023262,0.11245701,1291.3406,-0.00033018138,4.613209,2.9644624525552
143,predict,4.097585,0.05840025,-1.2108234,0.08202259,0.5866094,1227.5243,0.00017982547,3.5290215,0.31456974,0.09447565,-1.1235366,0.30231085,0.11245554,1291.8601,-0.00033046317,4.613175,2.963808800808786
144,predict,4.097608,0.058455028,-1.21068,0.082104765,0.58669186,1227.0024,0.00017980207,3.528949,0.314573,0.09447507,-1.1234725,0.3025006,0.11244171,1291.5934,-0.00033076497,4.613481,2.962397862681612
145,predict,4.0975585,0.058489636,-1.2106717,0.08216908,0.58665115,1226.8342,0.00017978916,3.5289166,0.31456825,0.09446629,-1.1233678,0.3029195,0.11244537,1291.4349,-0.00033061267,4.613506,2.9612320535748964
146,predict,4.0976152,0.05851458,-1.2104198,0.082233034,0.5864107,1226.6735,0.00017978232,3.5289025,0.31457037,0.09447369,-1.1232623,0.30340868,0.11243717,1291.4562,-0.0003305314,4.6135736,2.9600498823577173
147,predict,4.0977616,0.058577787,-1.2106316,0.08230142,0.58643484,1226.6099,0.00017978509,3.5288126,0.31457192,0.09446927,-1.1231592,0.3036645,0.112440936,1291.4526,-0.00033053153,4.6135817,2.9585835883722607
148,predict,4.0978055,0.058357373,-1.2105918,0.08237656,0.5863743,1226.5641,0.00017978626,3.5287056,0.31456423,0.09444805,-1.1230701,0.30374292,0.1124328,1291.4252,-0.00033053046,4.613564,2.956602510370956
149,predict,4.097816,0.05850403,-1.2106496,0.08247788,0.5863348,1226.4751,0.0001797855,3.5287125,0.31456324,0.09445757,-1.1230108,0.30374086,0.1124345,1291.4108,-0.00033047702,4.613412,2.9552747755803748
150,predict,4.0978312,0.058543615,-1.2104971,0.08251441,0.5871455,1226.3193,0.00017977742,3.5287213,0.31456566,0.09444098,-1.1229687,0.30361846,0.11242787,1291.3844,-0.00033045522,4.612723,2.9537271248514805
151,predict,4.097516,0.05854562,-1.2107826,0.08256704,0.5873532,1226.1221,0.00017977513,3.528614,0.31456438,0.094447725,-1.1229419,0.30366454,0.112428054,1291.3013,-0.00033043395,4.612758,2.952347713527017
152,predict,4.097502,0.058356058,-1.2108536,0.08261444,0.58730096,1226.0123,0.00017976173,3.5284865,0.31457067,0.094450384,-1.122923,0.30345798,0.11242773,1291.0676,-0.00033047984,4.612994,2.950755913274195
153,predict,4.097491,0.05836221,-1.2107128,0.08266104,0.58735263,1225.9576,0.00017975635,3.5284774,0.31456771,0.09445967,-1.1229092,0.30342805,0.11242855,1291.1001,-0.00033049416,4.6130834,2.9493059362580016
154,predict,4.0974803,0.058359224,-1.2107277,0.08270666,0.5873053,1225.9116,0.00017975632,3.5284362,0.31456846,0.09446516,-1.1228961,0.30342472,0.11242586,1291.0776,-0.00033048642,4.6131682,2.947760106370444
155,predict,4.0974884,0.058353614,-1.2107079,0.08274931,0.58718526,1225.8525,0.00017975709,3.528388,0.31456947,0.094469585,-1.1228895,0.30341834,0.11242547,1291.0532,-0.0003304778,4.613213,2.946158583944905
156,predict,4.0974956,0.05834797,-1.2107006,0.082789734,0.58709687,1225.7821,0.00017975803,3.5283475,0.31456915,0.094472535,-1.1228766,0.30342644,0.11242407,1291.0492,-0.00033047464,4.61324,2.944689296260986
157,predict,4.097508,0.058341097,-1.2106936,0.082828365,0.58705556,1225.695,0.00017975814,3.528313,0.3145692,0.0944743,-1.1228676,0.30344146,0.11242402,1291.0381,-0.0003304789,4.613246,2.942617237101373
158,predict,4.097509,0.058335084,-1.2106793,0.08286555,0.5870411,1225.6174,0.00017975792,3.5282798,0.3145691,0.094475515,-1.1228558,0.30346617,0.112422965,1291.0145,-0.00033050167,4.6132474,2.940864407283532
159,predict,4.097509,0.058332242,-1.2106618,0.08290151,0.5870075,1225.538,0.00017975752,3.528247,0.3145691,0.09447608,-1.1228433,0.30348885,0.112422846,1290.9998,-0.00033051043,4.6132426,2.939562164489475
160,predict,4.097505,0.058327563,-1.2106632,0.08293639,0.5869734,1225.4664,0.00017975728,3.5282164,0.31456935,0.09447651,-1.1228299,0.30349982,0.112422034,1290.988,-0.00033051104,4.6132326,2.937862104696724
161,predict,4.097515,0.05832044,-1.2106509,0.08297018,0.5869986,1225.3958,0.00017975716,3.5281866,0.31456926,0.09447739,-1.1228158,0.30350316,0.11242188,1290.9736,-0.00033051445,4.613214,2.9358782213033043
162,predict,4.0975337,0.058310967,-1.2106311,0.08300294,0.58704036,1225.3256,0.00017975719,3.5281575,0.31456923,0.09447651,-1.1228012,0.30349678,0.11242128,1290.9609,-0.00033052152,4.6131988,2.9341428377971743
163,predict,4.097537,0.05830289,-1.2106183,0.08303468,0.58716226,1225.2542,0.00017975722,3.5281296,0.31456956,0.094475605,-1.1227859,0.30348653,0.11242114,1290.949,-0.00033052746,4.6132,2.932404295169405
164,predict,4.0975323,0.05829471,-1.2106216,0.0830655,0.5874437,1225.1818,0.0001797572,3.5281036,0.31456968,0.0944759,-1.1227703,0.30347714,0.112420715,1290.9354,-0.00033053206,4.613204,2.9302910420564774
165,predict,4.0975137,0.058284413,-1.2105992,0.0830954,0.58761925,1225.11,0.00017975713,3.5280778,0.3145698,0.09447513,-1.1227543,0.303468,0.11242062,1290.922,-0.00033053552,4.6132183,2.92863189303887
166,predict,4.0974464,0.058275394,-1.2105755,0.08312442,0.587701,1225.0388,0.00017975709,3.528052,0.31456992,0.094476365,-1.122738,0.30346575,0.11242027,1290.9111,-0.00033054166,4.6132317,2.926786674761012
167,predict,4.097437,0.05826893,-1.2105623,0.08315258,0.5877739,1224.9689,0.00017975697,3.5280278,0.3145698,0.094477765,-1.1227214,0.30346513,0.11242014,1290.9032,-0.00033054876,4.6132402,2.925355358868138
168,predict,4.0974283,0.05826491,-1.2105458,0.08317987,0.58781344,1224.8988,0.00017975691,3.5280056,0.31456995,0.09447971,-1.1227045,0.3034661,0.11241988,1290.8967,-0.00033055487,4.613245,2.923471888685976
169,predict,4.0974226,0.058260605,-1.2105297,0.083206326,0.58783567,1224.8279,0.0001797569,3.5279837,0.31456998,0.094481364,-1.1226873,0.30346775,0.112419784,1290.8903,-0.0003305604,4.613248,2.921972018776314
170,predict,4.09742,0.058256175,-1.210514,0.083231956,0.5878659,1224.7559,0.00017975691,3.5279622,0.31457,0.0944829,-1.1226699,0.30346918,0.11241959,1290.8845,-0.0003305661,4.6132493,2.9204050784678834
171,predict,4.0974183,0.058251746,-1.2104973,0.083256766,0.5879106,1224.6829,0.00017975693,3.5279417,0.31457004,0.094484195,-1.122652,0.30347025,0.11241951,1290.8789,-0.00033057187,4.61325,2.9185261491505243
172,predict,4.0974164,0.05824736,-1.2104813,0.08328077,0.5879669,1224.609,0.00017975693,3.5279222,0.31457007,0.0944853,-1.122634,0.30347055,0.11241935,1290.8734,-0.00033057836,4.61325,2.916692731409637
173,predict,4.097413,0.058243074,-1.2104661,0.08330399,0.5880324,1224.5347,0.00017975693,3.5279028,0.31457013,0.09448626,-1.1226156,0.30347002,0.11241928,1290.8684,-0.00033058503,4.61325,2.915017381510417
174,predict,4.0974092,0.05823885,-1.2104499,0.08332642,0.58812,1224.4594,0.00017975691,3.5278842,0.31457016,0.094487086,-1.1225969,0.30346888,0.11241916,1290.8638,-0.00033059137,4.6132503,2.913504703426512
175,predict,4.0974054,0.058234707,-1.2104338,0.08334809,0.5882434,1224.3833,0.00017975691,3.5278664,0.3145702,0.09448786,-1.1225779,0.30346745,0.1124191,1290.8594,-0.0003305977,4.613251,2.911681954159884
176,predict,4.097403,0.058230747,-1.2104189,0.08336901,0.5883967,1224.3063,0.00017975691,3.5278487,0.31457022,0.09448854,-1.1225586,0.30346602,0.11241901,1290.8553,-0.0003306042,4.613253,2.909852487664386
177,predict,4.097401,0.05822704,-1.2104039,0.08338919,0.5885812,1224.2281,0.00017975691,3.5278318,0.31457025,0.09448905,-1.1225389,0.30346486,0.11241896,1290.8516,-0.00033061087,4.613255,2.908396314810248
178,predict,4.0973964,0.05822358,-1.2103878,0.08340865,0.58877385,1224.149,0.00017975691,3.5278153,0.31457028,0.09448961,-1.122519,0.30346403,0.11241889,1290.8481,-0.0003306176,4.613257,2.906522984294025
179,predict,4.097389,0.05822032,-1.2103723,0.08342741,0.5889336,1224.069,0.00017975691,3.5277991,0.31457028,0.09449019,-1.1224988,0.30346355,0.112418845,1290.8448,-0.00033062426,4.6132584,2.904380165211724
180,predict,4.097378,0.05821728,-1.2103574,0.083445475,0.5890681,1223.9878,0.00017975691,3.5277836,0.3145703,0.09449081,-1.1224782,0.30346325,0.11241879,1290.842,-0.000330631,4.61326,2.9032757869447163
181,predict,4.0973616,0.058214497,-1.2103423,0.083462864,0.58918977,1223.9056,0.00017975691,3.5277684,0.3145703,0.0944916,-1.1224575,0.303463,0.112418756,1290.8394,-0.00033063788,4.6132607,2.9014064850077306
182,predict,4.097355,0.058211915,-1.2103274,0.08347961,0.5893015,1223.8226,0.00017975691,3.5277536,0.31457034,0.09449245,-1.1224364,0.3034628,0.11241871,1290.837,-0.00033064483,4.613261,2.899688424152021
183,predict,4.097348,0.05820947,-1.2103126,0.083495714,0.58940566,1223.7385,0.00017975691,3.527739,0.31457034,0.09449335,-1.1224151,0.3034625,0.11241868,1290.8347,-0.00033065182,4.6132617,2.8981774537452534
184,predict,4.097343,0.058207132,-1.210298,0.0835112,0.5895025,1223.6534,0.00017975691,3.527725,0.31457037,0.09449424,-1.1223934,0.30346215,0.11241865,1290.8326,-0.00033065883,4.613262,2.896799310269231
185,predict,4.0973387,0.058204904,-1.2102834,0.08352609,0.5895908,1223.5676,0.00017975691,3.5277112,0.31457037,0.09449511,-1.1223716,0.30346173,0.11241863,1290.8308,-0.0003306659,4.6132627,2.894976492006021
186,predict,4.0973344,0.0582028,-1.2102691,0.0835404,0.5896685,1223.481,0.00017975691,3.5276978,0.3145704,0.09449594,-1.1223494,0.30346128,0.1124186,1290.829,-0.00033067304,4.613263,2.8936817973845743
187,predict,4.0973296,0.058200814,-1.2102548,0.08355414,0.58973354,1223.3937,0.00017975691,3.5276847,0.3145704,0.094496734,-1.1223271,0.30346084,0.112418585,1290.8273,-0.0003306802,4.613264,2.891848282727321
188,predict,4.097325,0.058198944,-1.2102406,0.08356734,0.5897841,1223.3058,0.00017975691,3.5276718,0.3145704,0.0944975,-1.1223044,0.3034604,0.11241856,1290.8257,-0.00033068744,4.6132646,2.89059243167291
189,predict,4.09732,0.05819719,-1.2102268,0.08358001,0.58981943,1223.2173,0.00017975691,3.5276592,0.31457043,0.09449824,-1.1222817,0.30345997,0.11241855,1290.8243,-0.0003306947,4.613265,2.888900929802652
190,predict,4.097315,0.058195546,-1.2102128,0.08359218,0.5898419,1223.1285,0.00017975691,3.527647,0.31457043,0.094498955,-1.1222587,0.3034596,0.112418525,1290.823,-0.00033070197,4.6132655,2.8872779711356604
191,predict,4.0973096,0.05819401,-1.2101991,0.083603844,0.58985585,1223.0394,0.00017975691,3.5276349,0.31457043,0.09449965,-1.1222354,0.3034593,0.11241852,1290.8218,-0.0003307093,4.6132655,2.886023609002959
192,predict,4.0973043,0.058192573,-1.2101856,0.083615035,0.5898661,1222.9501,0.00017975691,3.5276232,0.31457043,0.09450032,-1.1222119,0.30345902,0.1124185,1290.8206,-0.00033071666,4.613266,2.8846499640787737
193,predict,4.0972986,0.058191232,-1.2101722,0.08362577,0.5898759,1222.8608,0.00017975691,3.5276117,0.31457043,0.09450099,-1.1221883,0.30345872,0.112418495,1290.8196,-0.00033072405,4.6132665,2.882953341879068
194,predict,4.0972915,0.058189973,-1.210159,0.08363607,0.58988535,1222.7716,0.00017975691,3.5276003,0.31457046,0.09450167,-1.1221646,0.30345845,0.11241848,1290.8186,-0.00033073148,4.6132665,2.8817868831476523
195,predict,4.0972843,0.0581888,-1.2101458,0.08364594,0.58989435,1222.6825,0.00017975691,3.5275893,0.31457046,0.094502345,-1.1221406,0.3034582,0.11241847,1290.8176,-0.00033073893,4.613267,2.8803688652754724
