index,data_type,voltage mean,voltage std,voltage kurtosis,voltage skewness,CC Q,CC charge time,voltage slope,voltage entropy,current mean,current std,current kurtosis,current skewness,CV Q,CV charge time,current slope,current entropy,capacity,true_soh,soh_pred
0,train,4.0962644,0.058762487,-1.1728914,0.112461664,0.66894287,1375.456,0.00015538184,3.6335604,0.30075517,0.09234812,-0.9352741,0.51051855,0.10286301,1290.936,-0.0003608561,2.1481068,3.234844109743793,1.0,
1,train,4.096561,0.057642873,-1.1776887,0.10876664,0.6546197,1345.9401,0.00015547666,3.6112359,0.30359817,0.09318433,-0.95829487,0.49042803,0.10421804,1297.3441,-0.00035730744,2.1529438,3.232489941575381,0.99927224679504,
2,train,4.0991697,0.059150778,-1.195286,0.09784224,0.6578364,1352.5181,0.00015703648,3.6333222,0.30673695,0.0942098,-0.97285414,0.4702253,0.105462305,1299.842,-0.00035644922,2.158119,3.229826049112277,0.9984487473085949,
3,train,4.0961394,0.05677236,-1.1814717,0.10667843,0.64091563,1317.758,0.00015857641,3.5888388,0.3090518,0.095124364,-0.9961147,0.45838118,0.1064378,1302.9341,-0.0003543187,2.1585672,3.2272579567659543,0.9976548628865953,
4,train,4.095006,0.05817638,-1.1822267,0.10722385,0.65594923,1348.5741,0.00015696966,3.6104522,0.3114588,0.09588608,-0.9981672,0.43998227,0.10782247,1313.1401,-0.00035482497,2.1665182,3.2249791054378227,0.9969503926707765,
5,train,4.0969887,0.057171725,-1.1901842,0.10559685,0.64076763,1317.4261,0.00015744331,3.587446,0.31383952,0.096534364,-1.0095067,0.4276672,0.10867394,1313.0402,-0.00035364385,2.1688035,3.2224795734666616,0.9961777025854545,
6,train,4.09818,0.059762876,-1.2041214,0.09712216,0.6593165,1355.5881,0.00015671003,3.6330097,0.31642017,0.09744912,-1.0293653,0.41850007,0.109814696,1317.3481,-0.00034256378,2.168852,3.2198252886134178,0.9953571731369878,
7,train,4.096811,0.057666637,-1.2002765,0.100703284,0.6412361,1318.4882,0.00015777415,3.5879653,0.2970043,0.08957222,-1.0547107,0.3914656,0.098829836,1228.7422,-0.00032876537,2.1574657,3.206570112202282,0.9912595486575857,
8,train,4.0942597,0.05760331,-1.1985027,0.100711204,0.6407164,1317.5962,0.00015779436,3.5882964,0.29908282,0.09091517,-1.0760516,0.38202724,0.09991888,1236.5361,-0.00032443527,2.1544402,3.2036410531722,0.9903540771941359,
9,train,4.096586,0.057849724,-1.2027085,0.101217404,0.64139,1318.8281,0.00015744331,3.5873497,0.30065483,0.09026166,-1.0707784,0.37896246,0.10014311,1229.6521,-0.0003243889,2.1584554,3.19973894004164,0.9891478017143357,
10,train,4.099215,0.0593315,-1.2190613,0.09249594,0.64542985,1327.2961,0.00015510558,3.6094055,0.30142796,0.09074438,-1.0774409,0.3703436,0.1009833,1240.6361,-0.00031450996,2.162711,3.196510070846489,0.9881496487630311,
11,train,4.0964456,0.058072016,-1.2057285,0.100616634,0.64145017,1318.9221,0.00015881115,3.5874226,0.30391735,0.091503955,-1.0811441,0.35970896,0.10230956,1249.6442,-0.00031492262,2.1671872,3.193625808929714,0.9872580256062652,
12,train,4.0991836,0.059438612,-1.2217616,0.09077136,0.6452522,1326.6761,0.00015693848,3.6092646,0.31267798,0.09245979,-1.0616674,0.33955616,0.12072781,1392.8462,-0.00032421103,4.6909294,3.189902305630424,0.9861069644815347,
13,train,4.095296,0.058093335,-1.2060226,0.10185374,0.64148486,1319.2782,0.00015914334,3.587259,0.31236255,0.09186133,-1.0622709,0.33110687,0.11962604,1380.4362,-0.0003240176,4.6892605,3.186333472712403,0.9850037172161498,
14,train,4.096111,0.056976244,-1.2093049,0.09964121,0.6269795,1289.1342,0.00015774266,3.564164,0.31325835,0.09217687,-1.0704931,0.32539007,0.12083151,1390.1482,-0.0003190188,4.7038364,3.182994030373673,0.9839713823568992,
15,train,4.0966787,0.058379803,-1.2123833,0.098556325,0.64136314,1318.6941,0.00015777415,3.5867882,0.31369185,0.092695504,-1.0724941,0.3232364,0.12196774,1402.2482,-0.0003170899,4.7010827,3.180317406014269,0.9831439470096002,
16,train,4.0965056,0.05715749,-1.212263,0.10109176,0.62682486,1288.9841,0.00015937634,3.5635755,0.31370723,0.09216072,-1.0693042,0.3178931,0.12100529,1390.0342,-0.0003195802,4.7106204,3.177235987321506,0.9821913760082709,
17,train,4.0953555,0.058366027,-1.2089832,0.10080081,0.64120597,1318.5242,0.00015908499,3.5870998,0.31523746,0.09222229,-1.0738447,0.3128419,0.12193166,1396.9502,-0.00031674607,4.698509,3.174503304011775,0.9813466109386034,
18,train,4.0955663,0.058465935,-1.2112799,0.10305376,0.6414689,1319.1921,0.00015646165,3.5866938,0.31578335,0.092601165,-1.0796281,0.30465475,0.12197528,1393.5361,-0.0003158492,4.6994123,3.170508913980443,0.98011180953989,
19,train,4.097513,0.059786156,-1.2214227,0.094392,0.6491217,1334.7902,0.00015513078,3.6089013,0.31669867,0.09142041,-1.0840714,0.2974921,0.121626034,1386.9541,-0.00031170654,4.6941037,3.1673996612948963,0.9791506341076082,
20,train,4.0993185,0.059924208,-1.2313823,0.08875835,0.6427255,1321.5881,0.00015730513,3.6098647,0.31689924,0.09197631,-1.0853081,0.29439205,0.122285426,1390.9562,-0.00031007576,4.703069,3.163798114057209,0.9780372737367516,
21,train,4.099354,0.058829855,-1.2258753,0.09445286,0.63480073,1305.4781,0.00015648901,3.586676,0.31674317,0.09261779,-1.0894581,0.28772536,0.12334003,1405.7362,-0.00030841032,4.70892,3.1618734858294,0.9774423058920845,
22,train,4.0962977,0.05861467,-1.2158822,0.098894835,0.63966167,1315.4341,0.00015678832,3.587008,0.31686875,0.09205624,-1.0927981,0.2821972,0.122646615,1398.4441,-0.00030826195,4.704231,3.158959355570475,0.9765414494179975,
23,train,4.097907,0.05890205,-1.2193404,0.10070292,0.6382114,1312.1261,0.00015714568,3.5859623,0.31680247,0.09250875,-1.0964276,0.2767629,0.123140395,1401.1442,-0.00030564127,4.710805,3.155374717668592,0.9754333162961923,
24,train,4.0957327,0.05893942,-1.2155604,0.10135755,0.63942015,1314.7262,0.00015801979,3.5866024,0.3179362,0.09276684,-1.1002958,0.2707491,0.12374106,1404.3481,-0.0003047322,4.71059,3.1541660818242745,0.9750596859748186,
25,train,4.096855,0.057676904,-1.2160332,0.10350731,0.62601304,1287.1702,0.00015711832,3.5632565,0.31836495,0.091851376,-1.1045866,0.2616961,0.123025045,1394.2522,-0.0003014562,4.706575,3.149359940918783,0.973573944856409,
26,train,4.0968165,0.057760138,-1.2188464,0.10357812,0.62593895,1287.2842,0.00015678832,3.563036,0.31803176,0.09262016,-1.1057665,0.25437367,0.123635046,1401.3481,-0.00030283452,4.7152147,3.147278561900905,0.9729305200274941,
27,train,4.0973787,0.05787652,-1.2197509,0.1042458,0.6257803,1287.0142,0.00015613249,3.5620744,0.31902617,0.09273678,-1.1147413,0.24871448,0.12409972,1402.8522,-0.00029733524,4.71427,3.1445375640965456,0.9720831846656128,
28,train,4.094683,0.057778556,-1.2139724,0.10809148,0.62570375,1286.7601,0.00015711748,3.5634398,0.31883007,0.0920843,-1.1171602,0.24169257,0.1230811,1391.6501,-0.00029685957,4.707404,3.141106496164956,0.9710225252288088,
29,train,4.096271,0.05784522,-1.2167114,0.10494538,0.6243878,1284.1442,0.00015489827,3.5627537,0.31979445,0.09250121,-1.1238918,0.23578006,0.123736665,1397.3381,-0.0002955794,4.70916,3.139231661639269,0.9704429503058505,
30,train,4.097255,0.058055338,-1.2204821,0.10714291,0.6257179,1286.8362,0.00015580664,3.5626595,0.320556,0.09272453,-1.1274996,0.22605868,0.12372133,1391.0442,-0.00029397418,4.7079954,3.136149689714085,0.9694902082816211,
31,train,4.0957527,0.059215993,-1.2152659,0.107705764,0.6388156,1313.7122,0.00015657552,3.585542,0.3208973,0.093196064,-1.1315155,0.22204773,0.124057025,1395.1382,-0.00029462922,4.710727,3.1338194102274604,0.9687698398782085,
32,train,4.0949254,0.057949767,-1.2154151,0.10885622,0.624411,1283.9781,0.00015613249,3.562672,0.3204889,0.09294709,-1.1386142,0.21902531,0.123831145,1393.7422,-0.0002914072,4.7089386,3.132370529234891,0.9683219416353828,
33,train,4.095864,0.05802553,-1.2154344,0.10956557,0.62428874,1283.7021,0.00015580664,3.5624619,0.32144862,0.0933241,-1.1437627,0.20851974,0.12439746,1397.6482,-0.00028918814,4.7110367,3.129477487597792,0.9674276043693659,
34,train,4.097156,0.058152176,-1.2194471,0.10831123,0.6237231,1282.6061,0.00015449582,3.5621755,0.32104066,0.09297809,-1.1470803,0.21082854,0.12322056,1385.0461,-0.00029018783,4.702947,3.127212240784233,0.9667273397702975,
35,train,4.099882,0.059529718,-1.2346902,0.09786886,0.6273363,1289.9541,0.0001555378,3.5859108,0.32174146,0.09320852,-1.1580403,0.19541539,0.12360823,1387.3682,-0.00028476704,4.704687,3.124613500871448,0.96592398114632,
36,train,4.094005,0.058185883,-1.2120311,0.11469439,0.6239869,1282.7561,0.00015875498,3.5630376,0.32267025,0.09355034,-1.162101,0.192808,0.12382642,1384.5521,-0.00028424038,4.703845,3.121764046642932,0.965043118226239,
37,train,4.09565,0.05814311,-1.2149266,0.109819114,0.62191826,1278.7902,0.00015646248,3.5631168,0.3214022,0.09349407,-1.1635523,0.19592172,0.123240076,1382.5542,-0.00028437385,4.7029576,3.120872790616456,0.9647676007681361,
38,train,4.095806,0.058148224,-1.2150683,0.11208312,0.6221163,1279.3002,0.00015482082,3.5618753,0.3235894,0.092942275,-1.1707323,0.18401922,0.12259657,1368.7482,-0.00028252724,4.691833,3.117464270993516,0.9637139117780938,
39,train,4.095207,0.058239315,-1.2141309,0.11348438,0.622674,1280.5361,0.00015613249,3.5624084,0.3240095,0.09386409,-1.1777153,0.1785459,0.12280199,1369.7361,-0.00028335024,4.691238,3.115113658243678,0.9629872576735705,
40,train,4.0982685,0.058383923,-1.2191566,0.10828312,0.62117755,1277.2162,0.00015613531,3.5623589,0.32333252,0.09332211,-1.1790496,0.17795995,0.122300535,1364.7422,-0.00028096396,4.690018,3.1122932884803607,0.9621153857478657,
41,train,4.0955753,0.058298722,-1.2130102,0.113262594,0.6215951,1278.0801,0.00015678832,3.5625556,0.32258332,0.09408016,-1.1816578,0.1766242,0.12291607,1374.8522,-0.0002808118,4.6968937,3.110117457999812,0.9614427627692206,
42,train,4.096695,0.058370367,-1.2152096,0.11264567,0.62095654,1276.8541,0.00015580664,3.5627053,0.32347822,0.094589576,-1.1866277,0.17948903,0.12337892,1377.3381,-0.0002804231,4.6959777,3.10855933320638,0.9609610935633571,
43,train,4.0962424,0.058417626,-1.2149262,0.11433633,0.62115294,1277.2842,0.00015547665,3.5620613,0.3221606,0.094162524,-1.1895593,0.17645869,0.12174334,1362.4581,-0.00027952212,4.687476,3.1059976083991137,0.9601691775635877,
44,train,4.097053,0.05850363,-1.2147365,0.11489381,0.6210075,1276.6521,0.00015613198,3.562362,0.32313627,0.09407243,-1.1916691,0.17694896,0.12124451,1353.0502,-0.0002802266,4.680443,3.103194773816867,0.9593027263569269,
45,train,4.095403,0.057171695,-1.2098343,0.11888021,0.6063256,1246.6661,0.00015900156,3.5385346,0.32380867,0.09495173,-1.1939157,0.17413253,0.12240542,1363.2522,-0.00028010184,4.6872945,3.1020755468634693,0.9589567353553742,
46,train,4.099562,0.059809178,-1.2328265,0.10264209,0.6217613,1278.4601,0.0001553981,3.5852323,0.3237677,0.09395232,-1.1979022,0.17521206,0.120585404,1343.0581,-0.00027928042,4.6733794,3.098734553723959,0.9579239210910184,
47,train,4.095738,0.057111543,-1.2088999,0.117106125,0.60461795,1243.4841,0.00015678832,3.538336,0.32365662,0.09486119,-1.202447,0.17084406,0.12058202,1343.8422,-0.0002800253,4.673357,3.097132364026014,0.9574286299290367,
48,train,4.095167,0.058426738,-1.2084942,0.117419064,0.61882055,1272.9741,0.00015717333,3.561996,0.3233359,0.09478102,-1.1972035,0.17273045,0.12047143,1344.0442,-0.0002811263,4.673273,3.095893091061469,0.9570455286349705,
49,train,4.0962696,0.057271335,-1.2104311,0.11844968,0.6034478,1240.9761,0.00015809915,3.5383105,0.32349965,0.09478531,-1.1994439,0.18219516,0.11963231,1334.0381,-0.00028326898,4.664721,3.0935420947838,0.9563187559689903,
50,train,4.0977383,0.05984052,-1.2215279,0.110105194,0.62446576,1284.6482,0.0001565837,3.585221,0.321979,0.09488675,-1.1998309,0.18409587,0.119024,1333.1401,-0.00028342058,4.6632185,3.092857457311063,0.9561071113117796,
51,train,4.094692,0.058506124,-1.2070112,0.1197038,0.6179188,1270.9641,0.00015777332,3.5620687,0.32318974,0.09458316,-1.1990517,0.18237019,0.11865568,1324.7522,-0.00028420886,4.656759,3.0885939314968542,0.9547891109168404,
52,train,4.095252,0.057282407,-1.207156,0.11997909,0.6028288,1239.9982,0.00016041187,3.5380032,0.32233605,0.09461166,-1.2017924,0.183583,0.11850864,1328.1401,-0.00028306057,4.657102,3.086956436057539,0.9542829055530695,
53,train,4.0954223,0.057245847,-1.2056469,0.11949821,0.60242426,1239.0901,0.00016006998,3.539052,0.32266226,0.09483536,-1.201989,0.17993094,0.118329294,1322.0442,-0.00028316776,4.656655,3.085421355429145,0.9538083600799908,
54,train,4.098906,0.059868872,-1.2252836,0.10666325,0.6174189,1270.3221,0.00016068998,3.584702,0.3213102,0.09504939,-1.2030296,0.19329327,0.11695494,1312.4462,-0.00028811613,4.645046,3.083880936099853,0.9533321642334422,
55,train,4.095241,0.057187315,-1.2048141,0.12010634,0.60015166,1234.8341,0.00016142533,3.5385892,0.32215542,0.095557325,-1.1990186,0.1939682,0.11732049,1313.6321,-0.0002897488,4.6462474,3.0815511476551647,0.9526119476277423,
56,train,4.098087,0.0587075,-1.2146494,0.11554917,0.61214393,1259.4121,0.00016016873,3.561532,0.3225697,0.095485464,-1.2017363,0.1945649,0.1177277,1318.8401,-0.00028972485,4.6472325,3.07859178437893,0.9516971080942634,
57,train,4.0961046,0.058740757,-1.2093545,0.12147711,0.6155991,1266.3701,0.0001604524,3.5617142,0.32306328,0.09429835,-1.2004067,0.1932321,0.11587593,1293.9362,-0.00029029863,4.632247,3.073999909898138,0.9502776039929806,
58,train,4.095923,0.057235662,-1.2066746,0.12105173,0.6003167,1234.8861,0.00016225979,3.5376382,0.32299927,0.09461152,-1.2037278,0.18931168,0.116874166,1306.4402,-0.0002876595,4.640118,3.07231933050144,0.9497580799171106,
59,train,4.0984387,0.05874003,-1.216922,0.11566755,0.6104803,1255.8281,0.00016179905,3.5612595,0.3212277,0.095639266,-1.1968427,0.20413299,0.11687181,1311.4421,-0.00029249061,4.6435747,3.07142185047662,0.949480638410079,
60,train,4.094616,0.058558803,-1.2050778,0.123973556,0.6145114,1264.3481,0.00016374461,3.5612514,0.32213593,0.094617374,-1.1961675,0.20501275,0.1147182,1285.4321,-0.00029570883,4.6227455,3.068669437023109,0.9486297740839681,
61,train,4.0967855,0.05863072,-1.2063925,0.12018943,0.61333764,1261.7861,0.0001649321,3.5621629,0.32074288,0.09569454,-1.1977712,0.20777717,0.115737595,1300.0461,-0.00029520452,4.639839,3.066233230230848,0.9478766599586466,
62,train,4.094798,0.057199344,-1.2015041,0.1236112,0.5992089,1232.9321,0.00016728778,3.5385988,0.32170108,0.094525084,-1.1965835,0.2007893,0.11476967,1289.6361,-0.0002967361,4.6236844,3.063235017624782,0.9469498107800307,
63,train,4.099144,0.05994468,-1.2236108,0.108059585,0.61510944,1264.7401,0.0001636784,3.5845234,0.32115534,0.09539127,-1.1934471,0.20487623,0.1167828,1310.0481,-0.00029248654,4.652601,3.0585776484552665,0.9455100600496983,
64,train,4.097313,0.060101096,-1.2193162,0.10830549,0.6197812,1274.2122,0.00016240541,3.5853372,0.32123816,0.094502725,-1.1918839,0.2088903,0.115230344,1294.2542,-0.00029512926,4.629169,3.054826031420492,0.9443503080160611,
65,train,4.0982285,0.05875635,-1.2130466,0.11465474,0.6103304,1254.6182,0.00016406715,3.562203,0.3226131,0.09525086,-1.1934055,0.20619148,0.11648493,1301.5421,-0.0002948456,4.63708,3.051734767964273,0.9433946936645355,
66,train,4.0969644,0.058676146,-1.2050236,0.11959433,0.6143598,1263.1282,0.00016491138,3.561994,0.3204218,0.09494029,-1.1893702,0.21224616,0.115657404,1300.8501,-0.00029561116,4.635215,3.0493628069078227,0.9426614400745695,
67,train,4.095066,0.05719177,-1.200836,0.12190733,0.5992472,1232.3441,0.00016804806,3.5391715,0.32226324,0.09537381,-1.192503,0.2135897,0.11634198,1301.2422,-0.00029556273,4.6355066,3.04525630370144,0.9413919806919634,
68,train,4.0987897,0.059972804,-1.2206814,0.10848993,0.6156554,1265.9181,0.00016583489,3.585311,0.32086164,0.094664276,-1.1842408,0.21581963,0.115959436,1303.7422,-0.0002962999,4.6386404,3.043575858462048,0.9408724980886656,
69,train,4.098488,0.05988587,-1.2185524,0.1089811,0.61585796,1266.4342,0.00016478222,3.585924,0.32213205,0.09489661,-1.1930076,0.21133587,0.115688406,1297.0502,-0.00029697194,4.6291256,3.039781398195668,0.9396995017594296,
70,train,4.0971546,0.059942003,-1.2129334,0.112029426,0.62022644,1275.3322,0.00016575983,3.5857658,0.32209074,0.09384007,-1.1878927,0.2099185,0.11402748,1279.8462,-0.0002990228,4.6153355,3.036155198127849,0.9385785203628622,
71,train,4.096564,0.057391122,-1.2014483,0.12020956,0.5999777,1233.6301,0.00016706437,3.5392501,0.32103947,0.09460273,-1.1850591,0.21699008,0.11538299,1298.8501,-0.0002985658,4.629847,3.033451448074952,0.9377426995439383,
72,train,4.0965447,0.058727622,-1.2029212,0.11797213,0.61406463,1262.5681,0.00016778527,3.5624852,0.32116747,0.094582625,-1.1862876,0.22061247,0.11547381,1299.7622,-0.00029892725,4.628484,3.030265156556937,0.9367577087963417,
73,train,4.095882,0.057354208,-1.1994116,0.11979384,0.60006034,1233.8682,0.00016835515,3.5396256,0.32127145,0.09469925,-1.1859908,0.22534835,0.11550419,1299.6501,-0.00030033637,4.627184,3.0276988823190663,0.9359643864133121,
74,train,4.0957747,0.058652632,-1.1998973,0.11976206,0.6145812,1263.5602,0.000165496,3.562424,0.32119498,0.09521754,-1.1856865,0.22322227,0.11629879,1308.2661,-0.0002987075,4.6347938,3.0236993184680183,0.9347279856114927,
75,train,4.0949955,0.0572796,-1.1977314,0.11858287,0.5994623,1232.7842,0.0001696999,3.5396256,0.32112008,0.09534496,-1.1902095,0.22212395,0.11627178,1308.2501,-0.00029671213,4.6354756,3.020383046066488,0.9337028133654668,
76,train,4.0982428,0.060044076,-1.2171047,0.10693654,0.61569124,1266.1781,0.00016766548,3.5861979,0.3211999,0.09495421,-1.1862571,0.22194925,0.116270885,1307.6561,-0.00029794156,4.6355,3.016959768445368,0.9326445621777794,
77,train,4.0955,0.05738171,-1.1994987,0.118026994,0.59908026,1231.9622,0.00017052704,3.539768,0.32042128,0.0953385,-1.1822428,0.22486027,0.11656133,1311.2501,-0.00029974637,4.641871,3.013303044654679,0.9315141448634876,
78,train,4.0947795,0.05732334,-1.1973059,0.11727846,0.59911925,1232.0681,0.00017126507,3.5403337,0.3208606,0.095224075,-1.1777177,0.22892478,0.1168874,1314.6382,-0.0002996496,4.641433,3.010055378703615,0.9305101811975781,
79,train,4.098669,0.060096875,-1.2177074,0.1059036,0.6141692,1262.8381,0.00017008191,3.5862718,0.32039237,0.094315395,-1.1786363,0.23036103,0.11604763,1309.0542,-0.00029952152,4.6355233,3.006576818789875,0.929434840378754,
80,train,4.0946074,0.057271626,-1.194729,0.11798583,0.598714,1231.1941,0.00017400575,3.5411627,0.320019,0.09434981,-1.1782601,0.2354668,0.11594525,1309.7401,-0.00029980874,4.6373954,3.0031544277990743,0.9283768632785618,
81,train,4.096921,0.057461213,-1.198579,0.116360076,0.5986152,1231.0442,0.00017217512,3.5398104,0.31938612,0.09479771,-1.1802456,0.23590596,0.11630425,1313.7501,-0.00029981125,4.638751,2.998932375869954,0.9270716838677819,
82,train,4.0983553,0.05880993,-1.2081748,0.10891274,0.607216,1248.4941,0.00017077195,3.5637922,0.3199463,0.09497421,-1.1796521,0.23314163,0.116495065,1313.4602,-0.00029987746,4.639706,2.994348784636366,0.9256547403990746,
83,train,4.093951,0.057398945,-1.1963177,0.11603416,0.59900475,1231.8722,0.00017505471,3.5408363,0.31982374,0.09487903,-1.1801742,0.23207536,0.11644932,1313.4442,-0.00029950542,4.6390247,2.989879628138832,0.9242731725874843,
84,train,4.094462,0.057348114,-1.1968412,0.1152035,0.59828854,1230.2782,0.00017215616,3.5414984,0.31906563,0.09502101,-1.1776105,0.23827793,0.11710155,1324.3462,-0.00029917093,4.646364,2.9863540102739803,0.9231832845603513,
85,train,4.0957956,0.05752229,-1.1980993,0.11776401,0.5994302,1232.9042,0.00017190464,3.540324,0.31899652,0.0945649,-1.1736356,0.24127424,0.11621911,1314.9342,-0.00030138448,4.638714,2.982810790731742,0.9220879552579081,
86,train,4.0975766,0.060165863,-1.2110637,0.10614389,0.61656994,1267.9242,0.00017051527,3.5870326,0.3211656,0.09455013,-1.1770256,0.2363706,0.11722755,1319.2401,-0.00029908796,4.6412106,2.978533631780737,0.9207657403981189,
87,train,4.0964017,0.05758056,-1.1986961,0.11428107,0.59883904,1231.2542,0.00017338686,3.5409653,0.31911287,0.09520554,-1.174883,0.23974471,0.117841296,1331.0461,-0.000298093,4.6514826,2.975035250007189,0.9196842719703171,
88,train,4.095782,0.058863305,-1.1962601,0.11333288,0.6132576,1260.9142,0.00017130421,3.564111,0.31926745,0.09511504,-1.1775973,0.23824671,0.11808781,1334.8381,-0.00029569332,4.653477,2.971161926284859,0.9184868962727795,
89,train,4.096379,0.057599347,-1.1985756,0.11333947,0.598862,1231.3582,0.0001746663,3.5410135,0.3196158,0.09490039,-1.179339,0.23768687,0.118434966,1339.2522,-0.00029511165,4.6550155,2.96597782734104,0.9168843155090872,
90,train,4.0981607,0.060092635,-1.2112423,0.10137315,0.61413795,1262.8302,0.00017201783,3.5879006,0.31853172,0.09460628,-1.1757667,0.23951313,0.11761388,1330.7561,-0.00029657784,4.653644,2.959907099897192,0.9150076478126248,
91,train,4.09627,0.05889192,-1.1968174,0.110595874,0.6123323,1259.0922,0.00017187861,3.5648327,0.31891787,0.09497842,-1.1718863,0.2424737,0.11872264,1342.4521,-0.00029784316,4.6596227,2.9550113172836627,0.9134941954027288,
92,train,4.0961003,0.057593483,-1.1974994,0.110718615,0.59769,1228.9302,0.00017520202,3.5414743,0.31880376,0.09488336,-1.1753417,0.24267513,0.11868652,1342.5521,-0.00029556215,4.6594496,2.950635907268882,0.9121416078076724,
93,train,4.0956554,0.058976095,-1.1943898,0.11239279,0.6130948,1260.9302,0.00017254312,3.5650954,0.31941032,0.09443964,-1.182349,0.23474012,0.118112415,1334.2401,-0.0002924516,4.6540117,2.9445135863148355,0.9102489908077974,
94,train,4.0993867,0.059016105,-1.2098817,0.10172418,0.60174346,1237.6482,0.00017267822,3.5651553,0.3189784,0.094688475,-1.1765738,0.23683372,0.11880103,1343.5382,-0.00029507623,4.6600337,2.9394222740082467,0.9086750935398415,
95,train,4.094959,0.057569336,-1.1937518,0.109279685,0.5969987,1227.8741,0.00017744246,3.5423691,0.3186231,0.09434108,-1.1699654,0.24052873,0.118861385,1347.4442,-0.0002963959,4.661899,2.9332992318260374,0.9067822535838864,
96,train,4.0942698,0.057508115,-1.1915152,0.106988534,0.5967691,1227.2582,0.00017833582,3.543238,0.31880707,0.094508916,-1.1674609,0.24310973,0.11959232,1352.9402,-0.0002948456,4.668443,2.928234597704806,0.9052166034476168,
97,train,4.0978966,0.059139643,-1.2057513,0.10150642,0.60588163,1245.7441,0.00017381352,3.5652416,0.31841174,0.09480869,-1.164421,0.25255352,0.120454125,1365.5562,-0.00029506916,4.6746607,2.9225326079429794,0.9034539250716631,
98,train,4.0981383,0.05794976,-1.1997947,0.10546712,0.5967132,1227.0542,0.00017505557,3.542278,0.3188604,0.09464059,-1.1647717,0.25193408,0.12049134,1362.8562,-0.00029471802,4.6741357,2.916690708516031,0.9016479958742246,
99,train,4.0957694,0.057846416,-1.1965668,0.10428657,0.5966223,1226.9722,0.00017669587,3.5427217,0.3188936,0.0945266,-1.1625845,0.2540896,0.120706774,1366.9502,-0.00029440137,4.674998,2.9114362207213,0.900023655530001,
100,train,4.098172,0.05925085,-1.2080566,0.099106126,0.6035803,1241.5061,0.0001758632,3.5658371,0.320708,0.09445138,-1.1691462,0.25010177,0.1203966,1354.7441,-0.0002945138,4.668591,2.904350408374972,0.8978331906711273,
101,train,4.0951605,0.057821307,-1.1954871,0.103053324,0.5957634,1225.3641,0.00017803384,3.543378,0.31724003,0.09478454,-1.1649457,0.26114097,0.12062878,1370.2382,-0.000294533,4.680718,2.899047988023005,0.8961940327481859,
102,train,4.0998206,0.059344977,-1.2143154,0.09277419,0.59801626,1229.5781,0.00017609129,3.5665495,0.31836808,0.09471459,-1.1692349,0.25659248,0.12142446,1377.6461,-0.00029289964,4.6805587,2.8927480952138924,0.8942465222668813,
103,train,4.094826,0.05798055,-1.1941605,0.10103219,0.59641796,1226.3401,0.00017932993,3.5442417,0.31836674,0.09459438,-1.1693157,0.25539142,0.12133522,1375.8402,-0.0002923371,4.6800265,2.885783280162894,0.8920934617747174,
104,train,4.098024,0.05813129,-1.1987885,0.099733815,0.59573483,1224.9042,0.00017620056,3.5436294,0.31753767,0.09497853,-1.1668733,0.25724995,0.12161167,1380.0421,-0.0002925875,4.6825013,2.8794610253466804,0.8901390384387766,
105,train,4.095077,0.058058415,-1.1951388,0.099432595,0.59576327,1225.1101,0.00017996729,3.544393,0.31779635,0.09433854,-1.1668746,0.25571436,0.120954886,1372.5402,-0.0002919145,4.67908,2.872063311983505,0.8878521543997924,
106,train,4.09741,0.058141313,-1.1970385,0.09632191,0.594395,1222.2201,0.00017860837,3.5446086,0.3184641,0.09443533,-1.166389,0.25388888,0.12136844,1375.7401,-0.00029234347,4.6814685,2.865528132594944,0.8858319088587859,
107,train,4.0994143,0.05837918,-1.206619,0.09255527,0.59030926,1213.6101,0.00017764009,3.544144,0.31885403,0.09487382,-1.1668764,0.2540954,0.12240191,1385.7462,-0.00029081758,4.6874747,2.858646339653998,0.8837045133159166,
108,predict,4.0976377,0.0584927,-1.2042024,0.09469709,0.61377937,1291.7202,0.00016224114,3.5750566,0.3154404,0.09436365,-1.093891,0.2856099,0.12212266,1381.798,-0.00030689742,4.7166924,2.8520424846261947,0.8816630378061968,0.9107991456985474
109,predict,4.0974274,0.058386113,-1.204118,0.093952216,0.62827355,1300.7062,0.00016192625,3.5713878,0.3139408,0.093931355,-1.0085555,0.29210067,0.12237977,1383.899,-0.0003180269,4.723466,2.8453599555357565,0.8795972414760709,0.7577936053276062
110,predict,4.097884,0.058078587,-1.2035252,0.093352005,0.6228976,1299.318,0.00016187092,3.5714898,0.3129291,0.093842454,-0.91050553,0.29262614,0.1223801,1384.2301,-0.00031522842,4.7295284,2.8380743303343388,0.8773450076885222,0.6672427654266357
111,predict,4.097066,0.058308665,-1.2035552,0.09281388,0.6214424,1302.9281,0.0001617521,3.5706015,0.31349704,0.09372794,-0.9162824,0.2947612,0.12261339,1385.175,-0.0003102044,4.7348685,2.832030329912382,0.8754766022207745,0.6845258474349976
112,predict,4.0972595,0.058482323,-1.2035956,0.09241234,0.62115294,1304.5243,0.00016160554,3.571869,0.31300053,0.0935088,-0.9429915,0.29448578,0.12276613,1386.1759,-0.00030863823,4.739972,2.825573772207848,0.8734806613081704,0.7071582078933716
113,predict,4.0971055,0.058331538,-1.2040044,0.092044264,0.6208031,1302.6038,0.00016145135,3.5727572,0.31299937,0.093291774,-0.9521482,0.29590815,0.12293874,1386.842,-0.000308937,4.745284,2.81858776943495,0.8713210509727434,0.767634391784668
114,predict,4.097227,0.058410462,-1.2043717,0.09173522,0.6207264,1300.9612,0.00016137803,3.574351,0.3128759,0.09307792,-0.95593333,0.29661903,0.12311545,1387.3043,-0.00030933373,4.7509584,2.8116985612881127,0.8691913631383015,0.8033194541931152
115,predict,4.097242,0.05843774,-1.2050239,0.091502726,0.6206987,1299.7434,0.00016134768,3.5767636,0.31279,0.092866994,-0.9578695,0.29786628,0.123267904,1387.8936,-0.0003080533,4.7568974,2.804766399448921,0.8670483968610978,0.8847793340682983
116,predict,4.097409,0.05832143,-1.2052722,0.09130186,0.620862,1299.4722,0.00016133032,3.5778308,0.31261438,0.09270283,-0.95857865,0.29899296,0.12341899,1389.0945,-0.00030749236,4.762727,2.797861075219864,0.8649137269991848,0.9368729591369629
117,predict,4.0976014,0.058421966,-1.2058582,0.09115547,0.6208521,1299.6168,0.00016131198,3.5792089,0.3124891,0.0926013,-0.95833963,0.30016887,0.123593114,1389.9805,-0.0003078305,4.768689,2.79080712644165,0.8627331122496312,0.9283231496810913
118,predict,4.0977945,0.058235116,-1.2060455,0.09106842,0.62172747,1299.7689,0.00016128902,3.579983,0.312348,0.092544995,-0.9593879,0.30132052,0.12374958,1390.6747,-0.0003080653,4.774906,2.784576530418971,0.8608070237546982,0.9438806176185608
119,predict,4.097795,0.058234915,-1.2061015,0.09096944,0.6218225,1299.8053,0.00016126577,3.5808015,0.31225234,0.092515305,-0.9590647,0.30236924,0.12393963,1391.3143,-0.00030762027,4.7815456,2.778177162140706,0.858828762032908,0.9781732559204102
120,predict,4.09782,0.058233593,-1.2062948,0.09087979,0.6216221,1299.7675,0.00016124705,3.5812016,0.31218216,0.09249245,-0.95856726,0.30334932,0.124083295,1391.8625,-0.0003074414,4.788855,2.771172657906764,0.8566634322685328,1.007817268371582
121,predict,4.0978036,0.058234293,-1.2064345,0.09078771,0.62153184,1299.7185,0.00016121646,3.5816267,0.31211182,0.09247147,-0.9585616,0.3041622,0.12423902,1392.9607,-0.00030737804,4.796526,2.765008276276448,0.8547578128874479,1.0460830926895142
122,predict,4.0978036,0.05823211,-1.2064296,0.090700775,0.62164676,1299.73,0.00016120769,3.5822237,0.31205574,0.092451885,-0.9586766,0.30482855,0.124422066,1394.0817,-0.00030741922,4.8040233,2.758017272854681,0.8525966566818955,1.0906089544296265
123,predict,4.097501,0.058225878,-1.2066753,0.09064368,0.62123764,1299.7324,0.0001611939,3.58298,0.31200027,0.09245265,-0.9585756,0.30542004,0.12458412,1394.8632,-0.00030791658,4.8108497,2.752604878641764,0.850923502109589,1.1700520515441895
124,predict,4.097469,0.058220133,-1.2068259,0.090576634,0.62114024,1299.7251,0.00016119087,3.583428,0.3119386,0.092605464,-0.9590691,0.30603465,0.124764286,1395.8113,-0.00030812266,4.8175335,2.7459820228479,0.8488761528188102,1.2289738655090332
125,predict,4.097493,0.058216233,-1.2070253,0.090511076,0.6211198,1299.7238,0.00016119036,3.583995,0.3118839,0.09268794,-0.9591633,0.30663234,0.12492773,1396.6505,-0.00030802435,4.824237,2.7386802994367123,0.8466189425287706,1.2526462078094482
126,predict,4.097381,0.058215573,-1.2072092,0.09044506,0.62112576,1299.7258,0.00016118966,3.584512,0.31183055,0.092694424,-0.95934427,0.30719858,0.12510492,1397.5139,-0.00030798183,4.8310194,2.731897011616889,0.8445219982589087,1.260831356048584
127,predict,4.097402,0.058207,-1.2073704,0.090378605,0.6211376,1299.7299,0.00016118855,3.5850255,0.31178066,0.09268252,-0.9596358,0.30773175,0.12527443,1398.3492,-0.00030804196,4.8379083,2.725460196708984,0.8425321605141729,1.2078758478164673
128,predict,4.0974097,0.058198605,-1.2074999,0.09031099,0.62114906,1299.7317,0.00016118716,3.5855072,0.31173316,0.09266434,-0.9599231,0.3082291,0.12544914,1399.1431,-0.00030813838,4.844899,2.719382679437255,0.8406533938516858,1.1461118459701538
129,predict,4.097423,0.05818941,-1.2076097,0.090242125,0.62114775,1299.7294,0.00016118622,3.5859647,0.31168878,0.0926445,-0.96021575,0.30869645,0.1256205,1399.9033,-0.00030813826,4.8519845,2.7124673450169547,0.8385156295002384,1.0660189390182495
130,predict,4.097434,0.05817951,-1.207694,0.09017193,0.62115633,1299.7258,0.00016118573,3.5863857,0.3116464,0.09262589,-0.96052,0.30913526,0.1257925,1400.6438,-0.00030811958,4.8591638,2.705335111798638,0.8363108143758144,0.9621845483779907
131,predict,4.097452,0.058171812,-1.2077895,0.09010016,0.62113667,1299.7242,0.00016118548,3.5867581,0.31160602,0.09261011,-0.96083087,0.3095496,0.12596121,1401.3687,-0.0003081677,4.866451,2.6974190150389257,0.8338636804518433,0.8726714253425598
132,predict,4.0974784,0.05816361,-1.2078686,0.0900268,0.6211124,1299.7249,0.00016118531,3.5870872,0.3115672,0.09259767,-0.9611367,0.3099418,0.1261288,1402.0476,-0.00030824667,4.8738494,2.689819176046276,0.8315143125272012,0.8349047899246216
133,predict,4.0975046,0.058157332,-1.2079588,0.08995191,0.621091,1299.7258,0.00016118509,3.5873697,0.31153014,0.09258835,-0.96146286,0.31031448,0.12629203,1402.6907,-0.000308282,4.881349,2.682915455624863,0.8293801384566121,0.8374964594841003
134,predict,4.097503,0.058153775,-1.2080518,0.08987537,0.6210734,1299.7262,0.00016118486,3.5876167,0.31149483,0.09258175,-0.96178734,0.3106696,0.12645334,1403.3085,-0.00030830436,4.8889236,2.675070243935277,0.826954917511357,0.8499032855033875
135,predict,4.0975013,0.05815003,-1.2081395,0.08979733,0.62104964,1299.726,0.00016118464,3.5878346,0.31146127,0.092577375,-0.9621122,0.311009,0.12660901,1403.9142,-0.00030835014,4.896539,2.669128658876276,0.8251181721049541,0.848239004611969
136,predict,4.0974874,0.058146067,-1.2082273,0.089717865,0.62103796,1299.7257,0.00016118435,3.588033,0.31142947,0.09257504,-0.96244305,0.31133363,0.12676018,1404.5316,-0.0003083959,4.9041877,2.660720291589898,0.822518860669497,0.8206870555877686
137,predict,4.0974627,0.05814193,-1.2083194,0.08963707,0.62102944,1299.7256,0.00016118423,3.5882156,0.31139937,0.09257476,-0.9627789,0.31164405,0.12690598,1405.1378,-0.00030844973,4.9118824,2.652281337448189,0.8199100937999314,0.7725389003753662
138,predict,4.097394,0.058137767,-1.208401,0.08955515,0.62102216,1299.7257,0.00016118411,3.5883856,0.31137088,0.09257674,-0.9631141,0.31194085,0.12704587,1405.7257,-0.00030850543,4.919649,2.644778556920304,0.817590729937764,0.7240254282951355
139,predict,4.0973806,0.05813372,-1.2084852,0.08947216,0.62101614,1299.7258,0.00016118407,3.5885437,0.3113439,0.092581294,-0.96345776,0.31222492,0.12718,1406.3132,-0.0003085524,4.9275,2.63641026402276,0.8150038068547203,0.6922089457511902
140,predict,4.097371,0.058129776,-1.2085671,0.089388244,0.62101,1299.7258,0.00016118407,3.5886946,0.31131843,0.092582285,-0.963802,0.31249744,0.12730737,1406.8905,-0.00030859734,4.935438,2.6287597856507707,0.8126387845808664,0.6890285015106201
141,predict,4.097353,0.058125917,-1.2086487,0.08930356,0.6210034,1299.7257,0.00016118406,3.5888374,0.31129438,0.09258011,-0.96414876,0.31275925,0.12742867,1407.4662,-0.00030864557,4.9434643,2.621065137087538,0.8102601078031956,0.7205364108085632
142,predict,4.097352,0.058122173,-1.2087303,0.08921826,0.6209969,1299.7257,0.00016118406,3.5889728,0.31127173,0.09257666,-0.9644985,0.31301114,0.12754309,1408.0376,-0.0003086996,4.9515753,2.612983509742025,0.8077618027624147,0.7907481789588928
143,predict,4.09735,0.0581187,-1.2088124,0.08913247,0.6209899,1299.7257,0.00016118403,3.5891001,0.3112504,0.09257251,-0.9648502,0.31325376,0.12765133,1408.6046,-0.00030875325,4.9597692,2.604014525149468,0.8049891855084517,0.8863738179206848
144,predict,4.097349,0.058115475,-1.2088947,0.08904637,0.62098336,1299.7257,0.00016118403,3.5892196,0.31123033,0.09256808,-0.9652036,0.3134877,0.1277529,1409.1677,-0.00030880392,4.968044,2.595613578084853,0.8023921679151431,0.9696944355964661
145,predict,4.097348,0.05811248,-1.2089777,0.08896008,0.6209774,1299.7257,0.00016118401,3.589331,0.3112115,0.09256363,-0.96555823,0.31371346,0.12784842,1409.7273,-0.0003088563,4.976394,2.586739479556885,0.7996488831610994,1.0030052661895752
146,predict,4.097348,0.058109708,-1.2090608,0.08887376,0.62097204,1299.7257,0.00016118401,3.5894344,0.3111938,0.09255934,-0.9659137,0.31393155,0.12793764,1410.2831,-0.00030891327,4.984815,2.579388450898573,0.7973764309473529,0.9799199104309082
147,predict,4.0973487,0.058107134,-1.2091446,0.08878755,0.6209672,1299.7257,0.00016118401,3.5895312,0.31117722,0.092555314,-0.9662695,0.31414244,0.12802108,1410.8339,-0.00030897118,4.9933004,2.57114578740465,0.7948283441727554,0.9242011308670044
148,predict,4.0973477,0.05810475,-1.2092285,0.08870159,0.6209631,1299.7257,0.00016118401,3.5896213,0.31116164,0.092551574,-0.9666254,0.31434652,0.12809868,1411.3801,-0.00030902802,5.001843,2.562514008119982,0.7921599685132706,0.8686314225196838
149,predict,4.097342,0.0581025,-1.2093127,0.088616,0.62095934,1299.7257,0.000161184,3.589706,0.31114706,0.09254812,-0.96698076,0.31454423,0.12817091,1411.923,-0.00030908617,5.010439,2.55387742228068,0.78949010698477,0.8386064171791077
150,predict,4.097335,0.05810034,-1.2093973,0.08853091,0.62095594,1299.7257,0.000161184,3.5897858,0.3111334,0.092544906,-0.9673352,0.31473595,0.1282378,1412.4637,-0.00030914627,5.019083,2.543648263567709,0.7863279271807543,0.8398617506027222
151,predict,4.097325,0.058098283,-1.2094821,0.088446446,0.62095284,1299.7257,0.000161184,3.5898616,0.3111206,0.092541896,-0.96768826,0.31492198,0.12829974,1413.0042,-0.00030920783,5.02777,2.534721047298585,0.7835682219318261,0.8544960618019104
152,predict,4.0973115,0.058096334,-1.209567,0.0883627,0.6209499,1299.7257,0.000161184,3.5899334,0.31110862,0.09253902,-0.9680396,0.31510267,0.12835686,1413.5431,-0.00030927052,5.0364933,2.526197480122883,0.7809332983044316,0.8584067225456238
153,predict,4.0972943,0.058094498,-1.2096522,0.08827979,0.6209471,1299.7257,0.000161184,3.5900018,0.3110974,0.09253622,-0.9683886,0.31527832,0.1284095,1414.0807,-0.0003093342,5.045244,2.5171475607720253,0.7781356613723772,0.8439275026321411
154,predict,4.0972857,0.058092777,-1.2097375,0.08819781,0.62094456,1299.7257,0.000161184,3.5900671,0.3110869,0.09253339,-0.968735,0.3154492,0.12845786,1414.618,-0.000309399,5.054013,2.50818274348131,0.7753643323727163,0.8212301135063171
